TEAM_ID,TEAM_NAME,GP,W,L,W_PCT,MIN,E_OFF_RATING,OFF_RATING,E_DEF_RATING,DEF_RATING,E_NET_RATING,NET_RATING,AST_PCT,AST_TO,AST_RATIO,OREB_PCT,DREB_PCT,REB_PCT,TM_TOV_PCT,EFG_PCT,TS_PCT,E_PACE,PACE,PACE_PER40,POSS,PIE,GP_RANK,W_RANK,L_RANK,W_PCT_RANK,MIN_RANK,OFF_RATING_RANK,DEF_RATING_RANK,NET_RATING_RANK,AST_PCT_RANK,AST_TO_RANK,AST_RATIO_RANK,OREB_PCT_RANK,DREB_PCT_RANK,REB_PCT_RANK,TM_TOV_PCT_RANK,EFG_PCT_RANK,TS_PCT_RANK,PACE_RANK,PIE_RANK
1610612737,Atlanta Hawks,82,44,38,0.537,3971.0,102.7,103.7,101.8,103.4,0.9,0.3,0.651,1.65,18.8,0.254,0.701,0.482,0.157,0.517,0.546,94.7,93.56,77.97,7744,0.509,1,14,14,14,7,17,10,14,1,5,2,28,13,29,19,6,9,12,13
1610612738,Boston Celtics,81,41,40,0.506,3968.0,101.1,102.2,100.4,102.6,0.7,-0.5,0.614,1.56,17.9,0.246,0.69,0.477,0.154,0.503,0.542,94.0,92.46,77.05,7652,0.507,29,16,16,16,11,24,7,16,6,13,5,29,23,30,11,12,12,17,14
1610612751,Brooklyn Nets,82,49,33,0.598,3971.0,105.0,106.9,103.6,104.8,1.4,2.0,0.567,1.38,16.1,0.343,0.701,0.52,0.162,0.498,0.536,91.2,89.88,74.9,7433,0.509,1,8,9,9,7,9,16,10,25,28,25,3,14,3,26,14,13,28,12
1610612766,Charlotte Bobcats,82,21,61,0.256,3961.0,98.3,100.4,108.9,110.3,-10.6,-9.9,0.562,1.38,15.3,0.305,0.679,0.486,0.151,0.46,0.507,94.0,92.49,77.07,7632,0.438,1,29,29,29,16,28,30,30,27,29,30,16,26,25,8,30,30,16,30
1610612741,Chicago Bulls,82,45,37,0.549,3966.0,100.4,102.4,100.3,101.9,0.1,0.5,0.645,1.61,17.8,0.332,0.699,0.514,0.157,0.47,0.512,92.0,90.35,75.3,7460,0.514,1,11,11,11,12,23,6,13,2,8,7,6,16,5,15,29,26,27,8
1610612739,Cleveland Cavaliers,82,24,58,0.293,3946.0,100.8,103.2,106.9,108.2,-6.1,-5.0,0.566,1.47,15.9,0.326,0.695,0.5,0.15,0.473,0.514,94.9,93.25,77.71,7666,0.45,1,28,28,28,26,20,26,27,26,20,28,8,22,15,6,26,24,13,29
1610612742,Dallas Mavericks,82,41,41,0.5,3996.0,103.6,104.7,104.0,105.4,-0.4,-0.6,0.599,1.67,17.7,0.259,0.698,0.484,0.144,0.506,0.544,96.2,95.09,79.24,7917,0.502,1,16,17,17,1,14,18,17,16,3,8,27,17,28,3,11,11,6,17
1610612743,Denver Nuggets,82,57,25,0.695,3981.0,107.6,109.3,102.0,104.2,5.6,5.1,0.6,1.6,17.8,0.345,0.675,0.513,0.157,0.515,0.549,97.8,95.92,79.93,7960,0.538,1,4,4,4,3,5,13,5,15,10,6,1,29,7,18,7,7,2,5
1610612765,Detroit Pistons,82,29,53,0.354,3961.0,100.9,102.7,105.6,107.2,-4.8,-4.5,0.585,1.4,16.6,0.324,0.695,0.506,0.164,0.487,0.521,93.2,91.68,76.4,7571,0.467,1,23,23,23,16,21,24,25,21,26,23,9,21,12,27,19,19,22,24
1610612744,Golden State Warriors,82,47,35,0.573,3961.0,104.2,105.1,102.6,104.2,1.7,0.9,0.589,1.49,17.1,0.285,0.712,0.506,0.157,0.506,0.545,96.8,95.64,79.7,7893,0.502,1,10,10,10,16,12,12,12,20,17,14,24,2,13,14,10,10,4,16
1610612745,Houston Rockets,82,45,37,0.549,3956.0,106.7,108.8,103.5,105.3,3.3,3.5,0.609,1.41,17.3,0.305,0.71,0.509,0.169,0.525,0.564,98.6,96.89,80.74,7988,0.51,1,11,11,11,21,6,17,9,10,25,12,17,3,11,30,5,4,1,11
1610612754,Indiana Pacers,81,49,32,0.605,3918.0,101.6,103.4,96.6,99.0,5.0,4.4,0.578,1.34,16.0,0.336,0.701,0.522,0.165,0.479,0.521,92.8,90.9,75.75,7420,0.537,29,8,8,8,30,19,1,8,24,30,27,4,15,1,29,22,20,25,6
1610612746,Los Angeles Clippers,82,56,26,0.683,3946.0,107.7,109.8,101.0,102.8,6.7,6.9,0.62,1.64,18.4,0.323,0.697,0.512,0.159,0.526,0.557,93.6,91.83,76.53,7552,0.548,1,5,5,5,26,4,8,3,5,6,3,10,19,8,21,4,5,21,4
1610612747,Los Angeles Lakers,82,45,37,0.549,3951.0,105.6,107.0,103.6,105.9,2.0,1.1,0.598,1.48,16.8,0.309,0.702,0.51,0.157,0.512,0.548,96.8,95.08,79.24,7830,0.513,1,11,11,11,24,8,21,11,17,19,20,13,12,10,17,9,8,7,9
1610612763,Memphis Grizzlies,82,56,26,0.683,3961.0,101.7,103.6,97.4,99.1,4.2,4.5,0.579,1.5,16.5,0.344,0.702,0.52,0.155,0.472,0.514,91.1,89.56,74.63,7394,0.531,1,5,5,5,16,18,2,6,23,16,24,2,10,2,12,28,23,29,7
1610612748,Miami Heat,82,66,16,0.805,3976.0,110.3,111.4,100.5,103.2,9.9,8.2,0.6,1.65,18.4,0.264,0.678,0.485,0.151,0.552,0.588,93.0,91.26,76.05,7572,0.564,1,1,1,1,4,1,9,2,13,4,4,26,28,26,7,1,1,23,2
1610612749,Milwaukee Bucks,82,38,44,0.463,3966.0,100.9,102.5,102.3,104.2,-1.4,-1.7,0.6,1.62,17.0,0.315,0.678,0.491,0.146,0.476,0.51,97.3,95.65,79.71,7909,0.488,1,18,18,18,12,22,14,19,14,7,17,11,27,22,4,24,28,3,19
1610612750,Minnesota Timberwolves,82,31,51,0.378,3946.0,100.1,101.8,102.9,104.0,-2.8,-2.2,0.624,1.51,17.1,0.312,0.702,0.5,0.157,0.473,0.516,95.2,93.94,78.29,7712,0.494,1,22,22,22,26,25,11,20,4,15,15,12,9,14,20,27,21,11,18
1610612740,New Orleans Hornets,82,27,55,0.329,3956.0,102.7,104.5,107.6,108.9,-5.0,-4.4,0.582,1.44,16.7,0.332,0.705,0.514,0.162,0.489,0.528,90.9,89.5,74.59,7379,0.464,1,26,26,26,21,15,28,24,22,22,21,5,7,4,25,17,18,30,25
1610612752,New York Knicks,82,54,28,0.659,3946.0,108.6,109.8,103.5,105.4,5.1,4.5,0.527,1.6,15.6,0.291,0.708,0.494,0.132,0.515,0.55,92.0,90.68,75.57,7462,0.512,1,7,7,7,26,3,19,7,30,9,29,22,4,18,1,8,6,26,10
1610612760,Oklahoma City Thunder,82,60,22,0.732,3966.0,110.2,111.0,99.2,101.2,11.0,9.9,0.561,1.4,16.6,0.291,0.702,0.513,0.16,0.527,0.58,95.9,94.58,78.82,7808,0.57,1,2,2,2,12,2,4,1,28,27,22,23,8,6,23,3,2,9,1
1610612753,Orlando Magic,82,20,62,0.244,3956.0,98.9,100.9,106.7,108.4,-7.8,-7.4,0.605,1.57,17.6,0.293,0.707,0.498,0.156,0.485,0.514,94.5,92.81,77.34,7646,0.459,1,30,30,30,21,27,27,29,12,11,10,20,5,16,13,20,22,15,26
1610612755,Philadelphia 76ers,82,34,48,0.415,3951.0,99.5,101.0,103.0,104.7,-3.4,-3.7,0.61,1.74,17.7,0.291,0.695,0.489,0.141,0.481,0.509,93.3,91.88,76.56,7566,0.474,1,19,19,19,24,26,15,23,7,1,9,21,20,24,2,21,29,20,22
1610612756,Phoenix Suns,82,25,57,0.305,3961.0,98.2,100.2,105.7,106.9,-7.5,-6.7,0.606,1.45,17.1,0.308,0.687,0.491,0.164,0.477,0.512,95.9,94.48,78.73,7793,0.458,1,27,27,27,16,29,23,28,11,21,13,14,25,20,28,23,27,10,27
1610612757,Portland Trail Blazers,82,33,49,0.402,3971.0,102.7,104.5,106.9,107.9,-4.2,-3.4,0.593,1.48,17.0,0.294,0.702,0.495,0.157,0.498,0.536,93.7,92.46,77.05,7649,0.468,1,21,21,21,7,16,25,22,18,18,16,19,11,17,16,13,14,18,23
1610612758,Sacramento Kings,82,28,54,0.341,3966.0,103.0,105.3,108.6,110.0,-5.6,-4.7,0.553,1.42,16.0,0.306,0.673,0.485,0.154,0.491,0.532,96.3,94.65,78.88,7804,0.454,1,25,25,25,12,11,29,26,29,24,26,15,30,27,10,16,17,8,28
1610612759,San Antonio Spurs,82,58,24,0.707,3976.0,105.9,107.0,99.2,100.3,6.8,6.7,0.641,1.71,19.1,0.243,0.715,0.493,0.153,0.531,0.568,96.4,95.31,79.43,7892,0.551,1,3,3,3,4,7,3,4,3,2,1,30,1,19,9,2,3,5,3
1610612761,Toronto Raptors,82,34,48,0.415,3996.0,102.9,105.0,104.7,106.4,-1.7,-1.4,0.592,1.57,16.9,0.296,0.688,0.49,0.148,0.488,0.532,92.9,91.26,76.05,7591,0.484,1,19,19,19,1,13,22,18,19,12,18,18,24,23,5,18,16,24,20
1610612762,Utah Jazz,82,43,39,0.524,3976.0,103.6,105.4,104.3,105.6,-0.7,-0.2,0.61,1.54,17.4,0.329,0.697,0.51,0.159,0.492,0.533,93.4,92.05,76.71,7629,0.504,1,15,15,15,4,10,20,15,8,14,11,7,18,9,22,15,15,19,15
1610612764,Washington Wizards,82,29,53,0.354,3971.0,97.8,99.3,100.6,101.6,-2.7,-2.3,0.61,1.43,16.9,0.279,0.706,0.491,0.161,0.475,0.512,94.4,93.23,77.69,7699,0.481,1,23,23,23,7,30,5,21,9,23,19,25,6,21,24,25,25,14,21
